{"cameraMode":{"drawMode":0,"name":"Shaded","section":"Shading Mode"},"sceneLighting":false,"audioPlay":false,"sceneViewState":{"m_AlwaysRefresh":false,"showFog":true,"showSkybox":false,"showFlares":true,"showImageEffects":true,"showParticleSystems":true,"showVisualEffectGraphs":true,"m_FxEnabled":true},"in2DMode":false,"pivot":{"x":0.573775053024292,"y":-0.7791910171508789,"z":-0.4142904281616211},"rotation":{"x":0.3760142922401428,"y":-0.002231767401099205,"z":0.0008773340960033238,"w":0.926596462726593},"size":12.543547630310059,"orthographic":false}